parameter,mean,sd,hdi_3%,hdi_97%
tm,2460793.4682405638,0.0003189508544149186,2460793.4676655885,2460793.4688430927
