parameter,mean,sd,hdi_3%,hdi_97%
tm,2460793.4682405726,0.00031895124556528213,2460793.4676655885,2460793.4688430927
