parameter,mean,sd,hdi_3%,hdi_97%
tm,2460796.4546587607,0.00029614871964907236,2460796.454109749,2460796.4552025474
