parameter,mean,sd,hdi_3%,hdi_97%
period,5.7154958028,0.0285693614,5.6635309084,5.770745782
r,0.1194908917,0.0430108421,0.0480320544,0.1973378724
b,0.5070617487,0.156074292,0.1849002909,0.7442347243
tm,2460806.547584249,0.000758471,2460806.5461826404,2460806.549026203
T14,0.0947737735,0.0064269038,0.0846130805,0.1074042013
